INSERT INTO country (co_code, co_name) VALUES
('BV', 'Bouvet Island'),
('DJ', 'Djibouti'),
('GP', 'Guadeloupe'),
('GS', 'South Georgia and the South Sandwich Islands'),
('LU', 'Luxembourg'),
('SS', 'South Sudan'),
('TF', 'French Southern Territories'),
('UM', 'United States Minor Outlying Islands'),
('ZA', 'South Africa'),
('ZM', 'Zambia'),
('ZW', 'Zimbabwe'),
('IN', 'India'),
('US', 'United States');

INSERT INTO stock (st_code, st_date, st_open, st_close, st_volume) VALUES
('FB', '2019-09-03', 184.00, 182.39, 9779400),
('FB', '2019-09-04', 184.65, 187.14, 11308000),
('FB', '2019-09-05', 188.53, 190.90, 13876700),
('FB', '2019-09-06', 190.21, 187.49, 15226800),
('FB', '2019-09-09', 187.73, 188.76, 14722400),
('FB', '2019-09-10', 187.44, 186.17, 15455900),
('FB', '2019-09-11', 186.46, 188.49, 11761700),
('FB', '2019-09-12', 189.86, 187.47, 11419800),
('FB', '2019-09-13', 187.33, 187.19, 11441100),
('FB', '2019-09-16', 186.93, 186.22, 8444800),
('FB', '2019-09-17', 186.66, 188.08, 9671100),
('FB', '2019-09-18', 188.09, 188.14, 9681900),
('FB', '2019-09-19', 188.66, 190.14, 10392700),
('FB', '2019-09-20', 190.66, 189.93, 19934200),
('FB', '2019-09-23', 189.34, 186.82, 13327600),
('FB', '2019-09-24', 187.98, 181.28, 18546600),
('FB', '2019-09-25', 181.45, 182.80, 18068300),
('FB', '2019-09-26', 181.33, 180.11, 16083300),
('FB', '2019-09-27', 180.49, 177.10, 14656200),
('FB', '2019-01-31', 165.60, 166.69, 77233600),
('FB', '2018-10-31', 155.00, 151.79, 60101300),
('FB', '2018-12-19', 141.21, 133.24, 57404900),
('GOOGL', '2019-04-22', 1236.67, 1253.76, 954200),
('GOOGL', '2019-04-23', 1256.64, 1270.59, 1593400),
('GOOGL', '2019-04-24', 1270.59, 1260.05, 1169800),
('GOOGL', '2019-04-25', 1270.30, 1267.34, 1567200),
('GOOGL', '2019-04-26', 1273.38, 1277.42, 1361400),
('GOOGL', '2019-04-29', 1280.51, 1296.20, 3618400),
('GOOGL', '2019-10-17', 1251.40, 1252.80, 1047900),
('NFLX', '2018-12-24', 242.00, 233.88, 9547600),
('NFLX', '2018-12-21', 263.83, 246.39, 21397600),
('NFLX', '2018-12-26', 233.92, 253.67, 14402700),
('NFLX', '2019-01-02', 259.28, 267.66, 11679500);

INSERT INTO department (dp_id, dp_name) VALUES
(1, 'Technology'),
(2, 'Human Resources'),
(3, 'Finance');

INSERT INTO skill (sk_id, sk_name) VALUES
(1, 'Java'),
(2, 'Spring Boot'),
(3, 'SQL'),
(4, 'Hibernate');

INSERT INTO employee (em_id, em_name, em_salary, em_permanent, em_date_of_birth, em_dp_id) VALUES
(1, 'John Smith', 70000.00, true, '1990-05-10', 1),
(2, 'Jane Miller', 65000.00, true, '1992-08-18', 1),
(3, 'David Brown', 58000.00, false, '1995-03-21', 2),
(4, 'Mary Wilson', 72000.00, true, '1989-11-09', 3);

INSERT INTO employee_skill (es_em_id, es_sk_id) VALUES
(1, 1),
(1, 2),
(2, 1),
(2, 4),
(3, 2),
(4, 3);
